analysis_neighborhood,total_incidents,violent_incidents,property_incidents,total_incidents_prior_12mo,residential_units,total_per_1000_units,violent_per_1000_units,property_per_1000_units,Larceny Theft,Drug Offense,Assault,Warrant,Other Miscellaneous,Malicious Mischief,Non-Criminal,Burglary,Motor Vehicle Theft,Fraud,Lost Property,Disorderly Conduct,Missing Person,Suspicious Occ,Miscellaneous Investigation,Robbery,Recovered Vehicle,Offences Against The Family And Children,Traffic Violation Arrest,Other Offenses,Other,Weapons Offense,Stolen Property,Traffic Collision,Weapons Carrying Etc,Case Closure,Forgery And Counterfeiting,Courtesy Report,Arson,Vehicle Impounded,Vandalism,Fire Report,Prostitution,Civil Sidewalks,Embezzlement,Sex Offense,Drug Violation,Vehicle Misplaced,Suicide,Homicide,Gambling,Liquor Laws,Rape,"Human Trafficking (A), Commercial Sex Acts","Human Trafficking, Commercial Sex Acts",Motor Vehicle Theft?,Suspicious,Weapons Offence,"Human Trafficking (B), Involuntary Servitude",analysis_neighborhood_1,analysis_neighborhood_2,analysis_neighborhood_3
Tenderloin,12102,1194,2189,10347,14486.0,835.4,82.4,151.1,1211,2250,972,1900,958,455,558,255,236,214,265,456,283,243,263,205,110,191,248,113,169,114,64,23,90,27,32,40,25,24,7,10,4,25,9,12,13,4,4,3,10,1,2,1,1,1,0,1,0,Tenderloin,,
Mission,11382,1201,2727,10189,22018.0,516.9,54.5,123.9,1410,1938,965,1069,1039,599,476,315,353,244,255,387,257,181,140,220,130,145,186,290,86,129,94,81,68,23,33,28,33,13,17,23,83,18,11,9,5,3,4,4,2,7,3,3,2,1,0,0,0,Mission,,
South of Market,10462,1062,2921,10391,10260.0,1019.7,103.5,284.7,1965,1509,852,1284,890,438,335,226,267,162,182,316,206,183,229,199,124,120,250,72,87,96,68,38,76,140,19,16,21,23,4,5,3,7,7,4,16,2,1,5,1,2,2,6,0,1,0,2,1,South of Market,,
Bayview Hunters Point,5213,545,1679,5681,9761.0,534.1,55.8,172.0,760,125,452,320,487,352,240,124,361,157,86,154,127,137,134,88,215,117,207,53,37,69,35,69,48,10,31,30,54,37,28,31,1,0,16,2,9,0,0,3,3,1,0,1,1,1,0,0,0,Bayview Hunters Point,,
Financial District/South Beach,3968,454,1617,4572,12290.0,322.9,36.9,131.6,990,73,368,143,359,265,234,187,151,176,206,117,63,126,78,79,44,30,31,25,22,38,33,21,13,24,12,11,17,6,7,2,0,1,4,6,1,0,2,1,0,0,0,0,0,1,1,0,0,Financial District,South Beach,
Western Addition,2265,269,903,2912,9094.0,249.1,29.6,99.3,522,53,219,70,126,165,123,86,120,96,84,63,90,49,67,48,54,48,18,16,12,19,15,14,13,8,6,19,7,5,3,1,6,2,5,1,1,6,2,1,0,0,0,0,1,0,0,1,0,Western Addition,,
Nob Hill,2258,260,886,2351,16416.0,137.5,15.8,54.0,507,111,203,117,153,145,91,111,114,75,68,48,54,69,41,49,37,53,25,16,47,20,14,14,18,6,10,2,7,3,2,4,0,5,4,3,2,0,2,2,0,0,3,2,1,0,0,0,0,Nob Hill,,
Sunset/Parkside,1991,153,797,2501,26113.0,76.2,5.9,30.5,442,11,129,45,101,153,120,94,97,185,78,31,59,76,81,22,43,40,13,9,17,13,17,29,7,8,24,15,8,2,3,4,1,1,2,1,1,2,5,1,0,0,0,0,1,0,0,0,0,Sunset,Parkside,
Castro/Upper Market,1919,199,944,2225,10274.0,186.8,19.4,91.9,619,65,160,69,111,116,93,131,67,65,80,43,31,39,35,34,27,12,5,10,15,9,15,15,4,8,13,3,6,0,5,2,1,1,2,5,1,1,0,0,0,1,0,0,0,0,0,0,0,Castro,Upper Market,
Hayes Valley,1844,139,890,1913,9316.0,197.9,14.9,95.5,531,99,116,69,94,136,60,129,82,75,73,56,40,38,32,22,36,22,20,6,19,16,12,16,3,7,1,3,8,6,4,3,0,3,2,1,0,3,0,0,0,0,0,0,0,0,1,0,0,Hayes Valley,,
Marina,1648,126,880,1805,14055.0,117.3,9.0,62.6,549,17,102,23,87,106,46,149,66,94,110,29,18,28,37,22,21,27,11,5,13,5,26,16,0,7,8,4,4,3,6,2,0,0,1,2,0,2,2,0,0,0,0,0,0,0,0,0,0,Marina,,
Chinatown,1567,149,567,1627,4308.0,363.7,34.6,131.6,361,22,125,56,106,113,127,53,31,73,127,32,64,59,41,23,11,19,5,5,15,9,9,10,5,5,5,39,7,1,2,2,0,1,1,0,0,2,0,1,0,0,0,0,0,0,0,0,0,Chinatown,,
Mission Bay,1494,176,520,1705,4562.0,327.5,38.6,114.0,302,30,149,78,107,72,84,77,61,53,72,36,60,63,36,23,22,31,14,9,12,8,9,10,5,5,7,29,3,5,5,5,0,2,1,4,0,1,0,0,0,3,0,0,0,0,1,0,0,Mission Bay,,
Bernal Heights,1442,179,570,1877,8477.0,170.1,21.1,67.2,253,38,133,72,122,117,61,92,95,50,34,34,31,31,39,45,45,19,26,10,10,13,5,14,7,11,6,5,9,3,4,3,1,1,1,1,1,0,0,0,0,0,0,0,0,0,0,0,0,Bernal Heights,,
Pacific Heights,1372,59,842,1526,13638.0,100.6,4.3,61.7,513,15,44,29,74,77,43,175,73,57,48,15,22,25,31,14,22,15,6,9,9,5,15,9,1,2,4,2,3,4,1,2,0,0,1,1,0,3,3,0,0,0,0,0,0,0,0,0,0,Pacific Heights,,
Lakeshore,1340,97,769,1285,4397.0,304.8,22.1,174.9,581,14,74,42,83,86,36,40,61,48,45,18,24,30,29,17,19,17,4,9,7,7,8,9,8,2,1,1,1,1,0,2,5,0,2,4,0,0,2,0,0,0,2,0,0,0,1,0,0,Lakeshore,,
Excelsior,1328,176,484,1536,9619.0,138.1,18.3,50.3,245,25,132,39,101,100,58,34,94,77,34,33,42,30,52,44,35,24,23,12,13,15,11,13,5,1,6,4,3,7,8,3,0,0,0,0,0,1,2,0,1,1,0,0,0,0,0,0,0,Excelsior,,
Outer Richmond,1316,102,587,1379,18093.0,72.7,5.6,32.4,320,10,74,31,64,93,71,98,72,78,52,36,28,50,56,26,21,31,13,3,22,8,10,10,2,17,3,1,4,2,0,2,0,4,2,2,0,0,0,0,0,0,0,0,0,0,0,0,0,Outer Richmond,,
West of Twin Peaks,1266,72,600,1529,13924.0,90.9,5.2,43.1,371,15,60,29,86,94,62,73,55,95,30,16,16,42,53,12,20,40,13,6,13,6,7,17,1,5,10,4,5,4,2,1,0,0,1,0,0,1,1,0,0,0,0,0,0,0,0,0,0,West of Twin Peaks,,
Potrero Hill,1198,51,596,1148,6388.0,187.5,8.0,93.3,333,167,46,30,65,85,31,95,76,46,27,19,18,27,16,5,33,4,6,13,3,4,12,3,4,7,1,1,4,3,3,3,0,0,2,0,1,3,1,0,0,0,0,0,0,0,1,0,0,Potrero Hill,,
North Beach,1113,165,448,1417,6010.0,185.2,27.5,74.5,258,12,144,34,87,103,52,48,32,54,58,31,30,39,15,17,16,11,9,9,6,11,8,2,3,2,1,0,5,1,2,3,1,0,2,4,0,0,2,0,0,1,0,0,0,0,0,0,0,North Beach,,
Haight Ashbury,1055,112,455,1192,7879.0,133.9,14.2,57.7,261,21,99,53,55,79,42,63,45,47,33,28,44,33,24,13,20,12,5,4,7,7,3,13,1,1,8,3,4,1,3,2,0,16,2,0,0,3,0,0,0,0,0,0,0,0,0,0,0,Haight Ashbury,,
Outer Mission,1049,143,318,1192,5711.0,183.7,25.0,55.7,144,25,112,41,59,90,61,38,44,55,28,34,41,32,60,28,24,32,11,9,7,12,4,17,7,2,3,15,1,4,1,2,1,0,0,0,0,1,1,1,0,0,2,0,0,0,0,0,0,Outer Mission,,
Russian Hill,1043,74,544,1082,10088.0,103.4,7.3,53.9,322,8,52,20,50,70,57,84,62,56,39,18,10,37,15,19,23,12,4,5,17,6,15,9,1,6,5,1,4,3,2,1,0,0,3,2,0,3,1,1,0,0,0,0,0,0,0,0,0,Russian Hill,,
Noe Valley,992,33,587,1305,10258.0,96.7,3.2,57.2,383,22,29,27,37,59,29,100,40,63,27,13,9,16,30,3,12,30,0,5,9,5,6,6,0,3,19,0,1,0,4,0,0,0,3,1,0,1,0,0,0,0,0,0,0,0,0,0,0,Noe Valley,,
Lone Mountain/USF,891,47,410,1126,5640.0,158.0,8.3,72.7,251,11,35,25,27,43,16,73,37,49,28,9,167,22,17,11,15,8,2,5,5,4,6,8,1,3,2,0,4,1,2,2,0,0,1,1,0,0,0,0,0,0,0,0,0,0,0,0,0,Lone Mountain,USF,
Inner Richmond,824,64,318,809,9223.0,89.3,6.9,34.5,153,13,61,18,41,63,91,53,44,42,33,22,24,22,33,3,12,13,6,5,4,2,8,11,1,6,6,11,4,0,1,2,0,11,0,0,0,3,2,0,0,0,0,0,0,0,0,0,0,Inner Richmond,,
Portola,796,90,366,976,4212.0,189.0,21.4,86.9,218,5,70,18,40,63,26,19,59,34,15,18,27,30,23,19,27,10,7,4,8,9,5,8,3,0,9,0,1,5,6,6,0,0,1,1,2,0,0,0,0,0,0,0,0,0,0,0,0,Portola,,
Inner Sunset,691,50,333,888,11665.0,59.2,4.3,28.5,190,8,37,14,27,51,25,50,38,43,32,7,38,31,19,13,15,4,4,4,12,2,7,6,2,3,4,0,1,0,3,0,0,0,0,0,0,0,1,0,0,0,0,0,0,0,0,0,0,Inner Sunset,,
Oceanview/Merced/Ingleside,685,56,282,778,6499.0,105.4,8.6,43.4,130,7,48,13,46,64,32,31,54,51,15,16,23,19,28,5,16,23,3,5,10,2,5,14,3,1,6,4,2,1,1,1,1,0,0,1,1,0,1,2,0,0,0,0,0,0,0,0,0,Oceanview,Merced,Ingleside
Visitacion Valley,636,104,220,771,3887.0,163.6,26.8,56.6,92,4,85,12,42,63,38,22,39,28,16,10,29,21,25,17,16,28,3,2,4,8,1,3,6,3,2,1,3,0,1,4,1,0,4,0,0,0,0,1,1,0,1,0,0,0,0,0,0,Visitacion Valley,,
Golden Gate Park,509,39,213,638,,,,,137,3,32,18,35,32,43,19,24,9,31,6,24,13,22,6,10,3,6,5,4,2,3,13,1,0,3,1,1,0,0,0,0,1,1,1,0,0,0,0,0,0,0,0,0,0,0,0,0,Golden Gate Park,,
Presidio Heights,468,27,251,531,4797.0,97.6,5.6,52.3,134,5,23,8,26,33,17,60,24,27,14,8,10,18,18,3,5,5,0,2,6,2,4,5,1,1,3,2,0,0,0,2,0,0,0,1,0,0,1,0,0,0,0,0,0,0,0,0,0,Presidio Heights,,
Japantown,341,31,162,460,2209.0,154.4,14.0,73.3,97,6,27,11,16,23,8,20,21,25,19,9,6,11,11,3,4,7,1,1,3,1,4,2,0,0,0,0,1,0,0,0,0,0,0,1,0,0,1,0,0,1,0,0,0,1,0,0,0,Japantown,,
Glen Park,296,21,129,396,3461.0,85.5,6.1,37.3,62,5,16,8,11,18,16,22,24,23,9,5,8,10,18,5,3,11,1,2,0,2,1,1,1,2,4,0,2,0,1,2,0,0,0,0,0,1,2,0,0,0,0,0,0,0,0,0,0,Glen Park,,
Treasure Island,266,29,97,349,,,,,27,3,28,9,19,24,13,13,28,9,3,14,8,12,14,1,4,12,5,4,0,2,2,3,2,0,0,0,1,0,4,1,0,0,0,0,0,1,0,0,0,0,0,0,0,0,0,0,0,Treasure Island,,
Twin Peaks,224,10,118,277,3505.0,63.9,2.9,33.7,64,1,9,1,7,23,8,16,13,18,11,2,4,12,14,1,6,0,0,1,5,0,0,1,1,0,2,0,0,0,2,1,0,0,0,0,0,1,0,0,0,0,0,0,0,0,0,0,0,Twin Peaks,,
McLaren Park,80,12,25,104,,,,,9,0,8,2,5,4,4,0,11,4,0,2,2,2,2,4,5,1,1,2,0,9,0,1,0,0,0,0,1,1,0,0,0,0,0,0,0,0,0,0,0,0,0,0,0,0,0,0,0,McLaren Park,,
Seacliff,62,3,23,103,,,,,10,0,3,2,4,4,2,5,4,6,2,1,3,4,4,0,4,1,0,0,1,1,0,1,0,0,0,0,0,0,0,0,0,0,0,0,0,0,0,0,0,0,0,0,0,0,0,0,0,Seacliff,,
Presidio,51,1,28,61,,,,,20,0,1,1,0,1,7,2,5,1,5,0,0,0,2,0,0,0,1,1,0,0,1,1,0,0,0,1,0,0,0,0,0,0,0,0,0,0,1,0,0,0,0,0,0,0,0,0,0,Presidio,,
Lincoln Park,30,1,11,44,,,,,8,1,1,3,2,2,2,1,0,4,0,0,0,1,3,0,1,0,0,1,0,0,0,0,0,0,0,0,0,0,0,0,0,0,0,0,0,0,0,0,0,0,0,0,0,0,0,0,0,Lincoln Park,,
